<?xml version="1.0" encoding="UTF-8"?>
<!DOCTYPE faqs SYSTEM "docs.dtd">
<faqs title="Exult" changed="19 March 2015(GMT)">
	<section title="Introduction">
		<sub name="exult_version">
			<header>Exult Version</header>
			<body>
				<para>
					These frequently asked questions are for the snapshot version of <Exult/>.
					If you have another <Exult/> version, its documentation can be found where you installed it.
				</para>
			</body>
		</sub>
		<sub name="why_name_exult">
			<header>Why is it called <Exult/> - what is the meaning of this name?</header>
			<body>
				<cite name="Jeff wrote on the Boards">
					I originally wrote it [Exult] solely for X-windows, so that's where
					the 'X' comes from. The "ult", of course, comes from Ultima. It
					was only about 6 months ago [02/29/2000] that I replaced the X code with SDL,
					which is multiplatform. Then Arthuris ported it to Win32 (and to
					BeOS). He had also ported the earlier version, but it was much harder
					to maintain that way.
				</cite>
				<cite name="Ibrahim Holtzmann">
					I'd like to point out that "exult" is also an English verb that
					means "to rejoice, to exhibit great happiness".
				</cite>
			</body>
		</sub>
		<sub name="is_exult_free">
			<header>Is <Exult/> free ?</header>
			<body>
				<para>
					<Exult/> is more than free: it's Free (notice the caps). <Exult/> is released
					under the GNU GPL (General Public License). This means that the source code
					for <Exult/> is freely available and you can do whatever you want with it.
					However, if you make modifications to any of <Exult/>s components and publicly
					redistribute your work you are required to make the source freely available
					in turn. Obviously the <Exult/> team would be very grateful if any
					modifications you make are contributed back to the main code, so that
					everyone can benefit from them. If you want to work on <Exult/> please contact 
					us via our
					<extref target="http://exult.sourceforge.net/forum/post.php?f=1">forum</extref>.<br/>
 					More information on the GNU GPL at
 					<extref target="http://www.gnu.org/copyleft/gpl.html"/>.
				</para>
			</body>
		</sub>
		<sub name="exult_donation">
			<header>Do you accept donations?</header>
			<body>
				<para>
					No, the <Exult/> team will not accept donations. For us there are greater legal matters 
					involved, which none of us particularly want to explore. We do not want to risk the 
					wrath of EA for directly profiting off <Exult/>.<br/>
					If you want to donate to anyone, donate to 
					<extref target="http://sourceforge.net/donate/">Sourceforge</extref>. 
					We wouldn't be here if it weren't for them. 
				</para>
			</body>
		</sub>
		<sub name="origin_exult">
			<header>Does Origin or EA support <Exult/>?</header>
			<body>
				<para>
					First of all, Origin has been wiped from existence by EA a long time ago.
					Furthermore, Origin and/or people that worked for Origin have claimed that 
					the source code for Ultima 7 (BG/SI) has been lost for some time.
					So there is no chance for the <Exult/> team to have a look at the actual code.
				</para>
				<para>
					Also the team tried to contact some people from Origin years ago but received 
					neither positive or negative response on the <Exult/> project. So far it seems 
					that EA has decided to ignore <Exult/>.
				</para>
				<para>
					On the other hand former Origin employees contacted the team and congratulated the
					team on their effort. Most noticeable are Lord British himself and Ken Demarest
					(Programming Manager of Ultima 7)(hint:spell his name backwards).
				</para>
			</body>
		</sub>
		<sub name="other_ultimas">
			<header>Will <Exult/> support other Ultima games?</header>
			<body>
				<para>
					<Exult/> supports only Ultima 7 (BG/SI and the add-ons). It will never support
					any other Ultima nor do members of the team plan to develop something similar.
					The reasons for this are that no other Ultima is similar to Ultima 7 in the
					internal workings and also the team used to be quite sick of reverse engineering
					a game already.
				</para>
			</body>
		</sub>
		<sub name="pentagram">
			<header>But isn't <Pentagram/> some kind of <Exult/> for U8?</header>
			<body>
				<para>
					<Pentagram/> is a pet project by some members of the <Exult/> team (currently mostly
					Willem, Colourless, Fingolfin and Darke). It is a <strong>map and shapes viewer</strong>
					and nothing more (although the team does indeed invest some time to disassemble the Usecode
					of U8). It isn't meant to be something similar to <Exult/>. It is rather a clever plan
					to stir up interest in other coders to carry this basic work further.<br/>
					Any <strong>developer</strong> is welcome to take a look and contact us.
				</para>
				<para>
					Seriously <Pentagram/> is slowly progressing and you can find snapshots of the code and
					Win32 binaries for it on the <Pentagram/>
					<extref target="http://pentagram.sourceforge.net/snapshots/"> snapshots page</extref>.
				</para>
				<para>
					On the official <Pentagram/> homepage at <extref target="http://pentagram.sourceforge.net/"/>
					you will find more information on this project.
				</para>
			</body>
		</sub>
		<sub name="multiplayer">
			<header>Will there be a multiplayer <Exult/>?</header>
			<body>
				<para>
					No.
				</para>
				<cite name="Jeff on the Forum">
					The question is 'why?'. I continue working on <Exult/>, in large part, because
					nobody makes games like Ultima7 anymore. While I think a multiplayer game
					would be technically interesting, I don't see the need. There are <em>lots</em>
					of them already, and many experienced people working on new ones.
				</cite>
				<para>
					Note however that <Exult/> is open source. If you want a multiplayer U7 no one
					holds you back to code it in.
				</para>
			</body>
		</sub>
		<sub name="whereis_exult">
			<header>Where do I find <Exult/>?</header>
			<body>
				<para>
					The latest official version is found on
					<extref target="http://exult.sourceforge.net/"/><br/>
					The source of <Exult/> is hosted on Sourceforge's SVN server. Instructions on how 
					to download the source code from SVN can be found at 
					<extref target="http://sourceforge.net/scm/?type=svn&amp;group_id=2335"/>. You 
					can also browse the source online from this link.<br/>
					Daily snapshots (by Travis Howell) of the Windows binary and of the SVN source tree
					can be found at
					<extref target="http://exult.sourceforge.net/download.php"/>.<br/>
					Dominus provides snapshots for OS X 10.4 and upwards whenever he manages to at
					<extref target="http://exult.sourceforge.net/download.php"/>.<br/>
					Paulo started a PPA for Ubuntu at 
					<extref target="https://launchpad.net/~exult-team/+archive/exult-daily"/>.<br/>
				</para>
				<para>
					To use the PPA for Ubuntu folllow these steps in terminal:<br/>
					<kbd>$  sudo apt-add-repository ppa:exult-team/exult-daily</kbd><br/>
					#Adds the repository - you will be required to accept the key file. 
					Just press 'Enter'<br/>
					<kbd>$ sudo apt-get update</kbd><br/>
					#Updates your cache.<br/>
					<kbd>$ sudo apt-get install exult exult-audiopack</kbd><br/>
					#Installs Exult itself and audio files
				</para>
			</body>
		</sub>
		<sub name="whatis_snapshot">
			<header>What is a snapshot? Are these screenshots or what?</header>
			<body>
			    <para>
			    	Bugs and not yet implemented features in <Exult/> get fixed almost daily in the code.
			    	A release is very time consuming that's why there are so few.
			    </para>
			    <para>
					The snapshot is the newest source code of the program. It is updated almost
					daily, sometimes twice a day. There is information on how to build your
					own binary in the source but there is also the newest pre-compiled Windows executable.
					If there is no new one this means that either there were no changes to the code
					or the source failed to compile.
				</para>
			</body>
		</sub>
		<sub name="compile_snapshot">
			<header>How do I compile a source code snapshot for my OS?</header>
			<body>
				<para>
					The source code snapshots contain a file called "README.OS" (like Readme.win32,
					Readme.MacOSX) that explains everything. The instructions for Linux systems are 
					traditionally in the file called INSTALL.
				</para>
			</body>
		</sub>
		<sub name="latest_version">
			<header>What is the latest version of <Exult/>?</header>
			<body>
				<para>
					The current official release is 1.4.9 RC1.<br/>
					See also <ref target="whereis_exult"/>
					to learn where to get the latest version.
				</para>
				<para>
					To find out which version you are running, press <key>v</key> while in game.
				</para>
				<para>
					At the moment we recommend that people use the latest snapshot rather than 
					our last official version since many critical bugs have been fixed since the 
					last release.
				</para>
			</body>
		</sub>
		<sub name="what_platforms">
			<header>On what platform does <Exult/> run?</header>
			<body>
				<para>
					<Exult/> should be able to be compiled (with minor modifications) on
					any platform that SDL supports. Right now the source can be compiled
					in <strong>Linux, Mac OS X, OpenBSD, FreeBSD,</strong> and 
					<strong>Windows (Windows 9x/ME/NT4/2000/XP/Vista/7)</strong>.
				</para>
				<ul>
					<li><strong>iOS (iPhone and iPad)</strong><br/>
					After initial porting by our member Lanica Dragon, Chaoji Li (aka Litchie) 
					successfully ported <Exult/> to iOS. On the iPad <Exult/>  really shines 
					and is very enjoyable. However Ultima VII's item management makes it much 
					harder to use on the smaller iPhone screens.<br/>
					To follow Chaoji's progress go to 
					<extref target="https://github.com/litchie/exult-ios"/>.</li>
					
					<li><strong>Android, Java</strong><br/>
					Jeff, Dr.Code, is currently porting <Exult/> to Android by rewriting it in Java. If 
					you want to follow the progress of the port take a look at our 
					<extref target="http://goo.gl/VJCNG">forum</extref>.</li>
					
					<li><strong>Android, native</strong><br/>
					KenC ported <Exult/> directly to Android, without rewriting it in Java. He has 
					posted about it in our
					<extref target="http://goo.gl/E2y7Z">forum</extref>.</li>
					
					<li><strong>Zaurus</strong><br/>
					Artaxerxes developed the port to
					<extref target="http://www.myzaurus.com/">Zaurus</extref>, a Linux/ARM based PDA.
					It is already fully playable (Artaxerxes played through SI). Pictures of the Zaurus
					running SI can be found at
					<extref target="http://exult.sourceforge.net/images/screenshots/zaurus/"/> and an
					IPK package at <extref target="http://exult.sourceforge.net/download.php"/>.</li>
					
					<li><strong>PocketPC</strong><br/>
					Lanica Dragon successfully ported <Exult/> to the PocketPC and made snapshots 
					available on our 
					<extref target="http://exult.sourceforge.net/download.php">download page</extref></li>
					
					<li><strong>Amiga/MorphOS</strong><br/>
					Ruediger Hanke's ported <Exult/> to MorphOS and AmigaOS. Unfortunately the port has 
					been abandoned for quite some time now. But you can only find the archived homepage 
					for this port at 
					<extref target="http://web.archive.org/web/20070927190600/http://www.muenster.de/~tomjoad/exult.html"/>.
					Unfortunately the download is no longer available.</li>
					
					<li><strong>Dingoo</strong><br/>
					<Exult/> has been ported to Dingoo (see 
					<extref target="http://exult.sourceforge.net/forum/">our forum</extref> and 
					<extref target="http://crankgaming.blogspot.com/2010/09/exult-v14svn6317-for-dingux-beta2.html">this Announcement</extref>) 
					by SiENcE.</li>
					
					<li><strong>Sony PSP</strong><br/>
					Phantom Fighter ported <Exult/> 1.2 to <extref target="http://www.thefoodsucks.com/sony-psp">Sony PSP</extref></li>
					
					<li><strong>XBox 360</strong><br/>
					And Cancerous1 is in the progress of porting <Exult/> to 
					<extref target="http://code.google.com/p/exultx-nosdlmixer/">XBox 360</extref>.</li>
				</ul>
				<para>
					A long time ago <Exult/> used to compile on <strong>MacOS 8.5</strong> (or higher), 
					<strong>Solaris</strong> and <strong>BeOS</strong>. We have no idea if this is still 
					the case.
				</para>
			</body>
		</sub>
		<sub name="any_port">
			<header>Will there be a port of <Exult/> for &lt;insert platform here&gt;?</header>
			<body>
				<para>
					That depends on a great many things. For one, it requires a developer that (1) has the 
					necessary free time, (2) the necessary knowledge about programming for the platform in 
					question, (3) the necessary motivation to do the port and (4) access to the platform in 
					question. Any of the <Exult/> developers may lack one or more of the items above, but it 
					will probably the fourth (and, by consequence, the third) item. This is likely fatal 
					for the port: programming using an emulator (if one is even available) may result in a 
					port that works on the emulator but not on the original (unless the emulator is that 
					good), and programming without any access at all to the platform in question is a 
					pointless and frustrating exercise in futility.
				</para>
				<para>
					Moreover, some platforms might require U7 and/or SI to come bundled with <Exult/>; that alone 
					would disqualify any official builds for legal reasons.
				</para>
			</body>
		</sub>
	</section>
  	<section title="Exult and Ultima 7">
		<sub name="u7_needed">
			<header>Do I need Ultima 7?</header>
			<body>
				<para>
					Yes. <Exult/> won't work without the original files.
				</para>
			</body>
		</sub>
		<sub name="u7_versions">
			<header>Does <Exult/> work on all versions of the game?</header>
			<body>
				<para>
					It seems to run most of the available versions of the game. The most common
					ones nowadays with the included Add-ons (Forge of Virtue and Silver Seed)
					run for sure.
				</para>
				<para>
					In the past there were reported problems with the localized versions of the
					game (French, German and Spanish) but these should not be a problem anymore. 
					The reported problems were that conversation threads didn't seem to skip to the
					next line in the proper places and therefore were unreadable in some cases.<br/>
					SI was published in English and Spanish (as we recently discovered to our surprise)
					but we seem to have fixed the main problem with the Spanish version.
				</para>
				<para>
					If you are running a localized version of BG or SI and you notice any
					problems please contact us.
				</para>
			</body>
		</sub>
		<sub name="play_through_u7">
			<header>Can you play through U7 yet?</header>
			<body>
				<para>
					You can play through the BG, FoV, SI and SS without cheating and
					plot holes.
				</para>
			</body>
		</sub>
		<sub name="si_support">
			<header>How about Serpent Isle?</header>
			<body>
				<para>
					Serpent Isle has been playable without cheating and plot holes for a long time now.
				</para>
				<para>
					Old quotes on this topic from the time when SI wasn't playable at all in <Exult/>.
				</para>
				<cite name="Colourless">
					I can't say much about the what will happen except that a completely
					working Serpent Isle will be an annoying task to complete. It is
					close to BG in some ways, but very different in others.
				</cite>
				<cite name="Jeff">
					My feelings about SI are the same as Colourless, who has done all
					the work so far on it. I'd much prefer to add enhancements to BG
					(which would apply to SI as well), and perhaps write a new RPG.
					Now, if EA would provide us with information about SI's internals,
					that would change things. And also, since <Exult/> is open-source,
					it would be fine if anyone wants to volunteer to work on SI.
				</cite>
			</body>
		</sub>
		<sub name="addon_support">
			<header>Do the Add-ons work?</header>
			<body>
				<para>
					"Forge of Virtue" (Add-on to Black Gate) and the "The Silver Seed"
					(Add-on to Serpent Isle) are bug-free.
				</para>
			</body>
		</sub>
		<sub name="old_savegames">
			<header>Do save games from the original work in <Exult/>?</header>
			<body>
				<para>
					Save games that were made with the original Ultima 7 or U7Run don't work
					with <Exult/>. You have to start a new game when you begin playing with <Exult/>.
					Sorry!
				</para>
			</body>
		</sub>
		<sub name="saves_compatibility">
			<header>Do <Exult/> savegames work on all Operating Systems?</header>
			<body>
				<para>
					<Exult/> savegames are compatible on all supported Operating Systems. For example
					a saved game of the Mac port of <Exult/> works on Windows 98 as well.
				</para>
				<para>
					However it is not advisable to use savegames of games started with the 1.4.9 RC1
					version of <Exult/> with an older release. And since we fixed many bugs since version
					1.2 we do not recommend that you continue games started with 1.2 (or earlier).
				</para>
			</body>
		</sub>
		<sub name="u7_download">
			<header>Where do I find Ultima 7 on the net to download?</header>
			<body>
				<para>
					If you are looking for a legitimate copy of the games, got to 
					<extref target="http://www.gog.com">GOG.com</extref>. They are offering the 
					complete Ultima VII since November 2011 for a decent price.
				</para>
				<para>
					<em>Don't</em> ask the team for copies. <em>Don't</em> ask on the forum for copies,
					your post and the entire thread <em>will</em> be deleted. And please don't ask for
					the answers to the copyright questions.
				</para>
			</body>
		</sub>
	</section>
 	<section title="Miscellaneous">
		<sub name="walkthroughs">
			<header>Where do I find a walkthrough?</header>
			<body>
				<para>
					If you need help with the game itself, like walkthroughs, hints, location of
					NPCs items, take a look at the following sites:
				</para>
				<ul>
					<li><extref target="http://www.ultimainfo.net/Codex/Ultima7.htm">Paulon Dragons selection of notes 
						and information on Ultima 7</extref></li>
					<li><extref target="http://www.ultimainfo.net/Codex/FAQ2.htm#U7">The Ultima 7 section of Paulon Dragons 
						Ultima games FAQ</extref></li>
					<li><extref target="http://www.ultimainfo.net/FAQ/ultimafaqs.htm#11">The U7 section of the more detailed
						Ultima Gameplay FAQ</extref></li>
				</ul>
				<para>
					Please be aware that if you play by using a walkthrough you may accidentaly skip important parts of the game, 
					especially when playing SI you have to be careful since SI is much more linear than BG.<br/>
					Please see <ref target="why_gameplayfaq"/> for more information.
				</para>
			</body>
		</sub>
		<sub name="where_cfg">
			<header>Where do I find the configuration file?</header>
			<body>
				<para>
					You can find exult.cfg in specific directories:
				</para>
				<ul>
					<li>On UNIX systems you can expect to find it in $HOME/.exult.cfg</li>
					<li>Mac OS X saves it to ~/Library/Preferences/exult.cfg</li>
					<li>Windows 95, 98, 98 SE and NT4.0 save the exult.cfg to the folder where you installed <Exult/> to 
						(by default C:\Program Files\Exult)</li>
					<li>Windows ME saves exult.cfg to C:\Windows\Application Data\Exult</li>
					<li>Windows 2000 and XP save exult.cfg to LOCAL_APPDATA\Exult, which translates to 
						C:\Documents and Settings\YourUsername\Local Settings\Application Data\Exult for an English version 
						of Windows</li>
					<li>Windows Vista, 7 and newer Windows versions also save exult.cfg to LOCAL_APPDATA\Exult, but on 
						these this translates to "C:\Users\YourUsername\AppData\Local\Exult"</li>
					<li>On Windows 2000, XP, Vista, 7 and newer you can quickly access this folder by executing "shell:Local AppData\Exult" 
						in the "Run" entry of the Startmenu (or the "Run or Search" entry of the Windows Vista and 7 Startmenu)</li>
				</ul>
			</body>
		</sub>
		<sub name="savegames_gone">
			<header>I updated Exult to the new version. Where have my savegames gone?</header>
			<body>
				<para>
					With version 1.4.9rc1 we changed the location where Exult saves its savegames to. 
					The new location differs depending on your operating system, for details see 
					<extref doc="docs" target="path_config">Path-Settings</extref>.<br/>
					Your old savegames are probably still in the folder of the original games as 
					we used to save them there.<br/>
					Just copy them from the old location to the new location.
				</para>
			</body>
		</sub>
		<sub name="si_ext_intro">
			<header>Will you implement the extended intro for SI?</header>
			<body>
				<para>
					The extended intro for Serpent Isle can be found at
					<extref target="http://www.io.com/~dloubet/"/>. At this moment we don't
					even think about implementing this extended intro.<br/>
					Why not?<br/>
					It sure would be nice to use it. But you may have noticed some effects
					missing from the intro. You may have noticed that there is no sound. You may
					have noticed that there is neither speech nor subtitles.<br/>
					All that would have to be addressed and add to that the longer running time and
					that you have to synchronize the music with it. Then what about the size of it?
					You would need to compress it and make sure all our supported platforms make use
					of it.
				</para>
				<para>
					Everyone volunteering to do it is welcome to.
				</para>
			</body>
		</sub>
		<sub name="party_formation">
			<header>Why is the party formation different?</header>
			<body>
				<para>
					In <Exult/> the party (the Avatar and his companions) move quite differently than
					they do in the original. The problem is that this was controlled by the original
					executable. Changing the formation now is not as easy as it sounds as the party
					formation has effects on other game internals. Changing it to be more like the
					original may force us to replay the whole game to make sure we didn't introduce
					new bugs.
				</para>
				<para>
					Some time ago Jeff added an optional formation that behaves way more like in the
					original game and it has become the default formation now.<br/>
					This can be changed in the <extref doc="docs" target="exult_config">exult.cfg</extref>.
				</para>
				<cite name="Jeff">
					It's not a bug, it's a feature! I like it that way.  Everyone is sensitive to
					different things, and I always though the formation-walking in the original
					U7 looked really stupid. Eventually, someone may add the original type of walking
					to <Exult/>, probably as an option.
				</cite>
			</body>
		</sub>
		<sub name="save_crash">
			<header>What should I do when Exult keeps crashing when I try to save?</header>
			<body>
				<para>
					This is <strong>not</strong> normal behavior for <Exult/>. Normally when you restart
					and "Journey Onward" <Exult/> will actually restore to the point you saved.
				</para>
				<para>
					<em>Please do not play further</em> at this point. You should restore to an earlier
					save game, no matter how much game time you loose. Your game must have gotten
					corrupted and when you play on with it you will most likely experience even more
					serious problems.
				</para>
				<para>
					Please also avoid saving when a scripted sequence is running. Whenever you can't control
					the Avatar on your own a scripted scene is running and saving at this time will break the
					game on reloading.
				</para>
			</body>
		</sub>
		<sub name="choppy_game">
			<header>Why does the game run so choppy?</header>
			<body>
				<para>
					Well, every Ultima required a fast computer. Even though <Exult/> is just an
					engine that runs the ancient Ultima 7 it still requires a fast computer.
				</para>
				<para>
					Seriously, if the game runs choppy for you, try the speed setting in the Game Options
					menu and if that doesn't help also play with the original resolution (320x200),
					try a different scaler or disable scaling altogether.
				</para>
			</body>
		</sub>
		<sub name="no_sfx">
			<header>Why can't I hear the Sound Effects?</header>
			<body>
				<para>
					Please read the Audio section of our <extref doc="docs" target="wave_sfx"/>.
				</para>
			</body>
		</sub>
		<sub name="no_intro_speech">
			<header>Why can't I hear the speech in the intro?</header>
			<body>
				<para>
					We've been made aware that if your introsnd.dat file becomes corrupt you might lose 
					speech in the intro. The file is located in your games static folder. So if you hit 
					this problem you need to restore this file.
				</para>
			</body>
		</sub>
		<sub name="red_x">
			<header>What does the red crossed out speaker next to the gamename mean?</header>
			<body>
				<para>
					It means that you have not configured the sound effects yet or correctly.<br/>
					Please read the Audio section of our <extref doc="docs" target="wave_sfx"/>.
				</para>
			</body>
		</sub>
		<sub name="diferent_volume">
			<header>Why is the music so much louder/softer than the sfx/speech?</header>
			<body>
				<para>
					Music is played via midi but the sfx (sound effects) and speech are
					played via wave. Midi and wave volume are set up separately in the settings
					of your Operating System and not by <Exult/>.
				</para>
			</body>
		</sub>
		<sub name="blank_screen">
			<header>Why does my monitor stay black when I try to run <Exult/>?</header>
			<body>
				<para>
					The most common reason for this is that you try to run <Exult/> full screen in a
					resolution that isn't supported by either your monitor or your graphics card.
					Edit your exult.cfg (see <extref doc="docs" target="exult_config"/>) to disable
					full screen. If <Exult/> now runs fine in a window you have to select a different
					resolution (also editable in exult.cfg) to run it full screen.<br/>
					If it still doesn't run contact us.
				</para>
			</body>
		</sub>
		<sub name="improvements">
			<header>
				What are the improvements in <Exult/> over the original Ultima 7?</header>
			<body>
				<ul>
				<li>Many more keyboard shortcuts than the original had. Including in BG the
					<key>k</key> key that checks if you have the right key for a lock in your
					inventory. The list of keys can be found in the Documentation.</li>
				<li>A new worked over Game Options menu. This menu is explained in detail in the
					<extref target="docs.php">Documentation</extref> and many of the following
					improvements  and Video/Audio options can be accessed via this menu. Open
					this Game Options Menu by pressing <key>Esc</key> in the game.</li>
				<li>SI style paperdoll (inventory screen) in BG. Very impressive. For this you
					need to have Serpent Isle installed on your hard drive and you must set the
					path to it in exult.cfg (see the Documentation) and activate it in the
					Gameplay Options.<br/>
					This new inventory screen acts sometimes a little buggy, so if an item seems
					to have disappeared disable the paperdolls in the Gameplay Options.</li>
				<li>A beautiful new save game box. This allows you much more save games than
					the original (you should run out of disc space before you run out of save game
					slots), shows a screenshot of the location you saved at, the members of your
					party, your stats, game time and the date you actually saved. The save game
					box is opened either via the game menu or the <key>s</key> key.</li>
				<li>Face status bars at the bottom of the screen that show your health (and that
					of your party members) as well as your mana. Double-clicking on the face opens
					the inventory and double-clicking on the bars shows the status screen.</li>
				<li>Middle mouse button support. In the normal game, the middle mouse button
					activates the target-function (which could also be accomplished by pressing
					't'). for modal gumps, the middle mouse acts as 'return', the right button
					as 'escape', so you can now for example accept the default slider value by
					just pressing the middle button. The escape function is also available
					during most other actions like selecting a target or conversations.</li>
				<li>Wheel mouse support. If you have a wheel mouse some features are auto-enabled
					in <Exult/>.<br/>
					In slider gumps (e.g. how much gold you want to
					drop), scrolling the mouse up/down, moves the slider either left or right.
					Holding down <key>Alt</key> while using the wheel scrolls 10 steps.<br/>
					The save game menu scrolls one line, while pressing <key>Alt</key> it scrolls
					pages.<br/>
					You can also scroll the map of the game up or down and while pressing
					<key>Alt</key>  you scroll left or right.</li>
				<li>Fast Mouse which makes the mouse cursor move faster in full screen mode.</li>
				<li>Multiracial Avatar in BG. As with the paperdoll support you need to have SI
					installed and the path set in exult.cfg.</li>
				<li>Higher resolutions than the original. You can set the resolution as high as
					your computer supports. But there are some issues with it and it is considered
					cheating.</li>
				<li>Compressed save games. <Exult/> compresses save games by default as
					zip files. They are still labeled *.sav and have the save game name in the zip
					comment.</li>
				<li>A notebook for making notes and the possibility to automatically add notes</li>
				</ul>
			</body>
		</sub>
		<sub name="paperdoll_issues">
			<header>
				Are there issues with the SI style paperdoll in BG?
			</header>
			<body>
				<para>
					There are some issues. The paperdoll in BG is still limited to the slots
					it had originally.<br/>
					That means:
				</para>
				<ul>
					<li>You can either equip a pair of gauntlets or one/two rings.</li>
					<li>The 'shield behind back', 'weapon behind back' and 'belt' slots are one
					and the same in BG. (So if you have a weapon on your back, you can't use your
					belt slot)</li>
					<li>If an item seems to have disappeared disable the paperdolls in the Game
					Options, retrieve the item and enable the paperdolls again.</li>
				</ul>
				<para>
					Sparks paperdoll looks very odd (Spark on steroids) as there is no paperdoll
					for kids in SI and we have to use the adult paperdoll. Unless someone draws
					heaps of art we can't do anything.
				</para>
			</body>
		</sub>
		<sub name="disable_improvements">
			<header>
				How do I disable all improvements?
			</header>
			<body>
				<para>
					To get an Ultima 7 that looks and behaves as close to the original as possible there
					are several things to do (though I wonder why you'd want to do that):
				</para>
				<ul>
				<li>make custom key bindings files (see <extref target="docs.php">Documentation</extref>)
					in which you disable all the keys that were not in the original for Black Gate and
					Serpents Isle.<br/>
					To enable the old save game menu you have to assign <key>s</key> to old_file_gump
					(the line in your custom key bindings file should look like: S old_file_gump)</li>
				<li>Edit the exult.cfg file to point to those custom keys.</li>
				<li>Disable SI-style paperdolls for BG in exult.cfg (see the documentation for that).</li>
				<li>Alternatively click on the disk icon and disable the paperdolls in the Gameplay Options.</li>
				<li>Edit the exult.cfg to use the resolution of 320x200, to run in full screen and
					disable scalers.</li>
				<li>The disc icon in the Avatar paperdoll opens the new game menu. As of now this cannot
					be altered. Sorry!</li>
				</ul>
			</body>
		</sub>
		<sub name="exult_engine">
			<header>
				I heard that <Exult/> is meant to be a game engine. Can I make my own game with <Exult/>?
			</header>
			<body>
				<para>
					We've been working on "<Studio/>" which is aimed to be an editor for
					all kinds of files that are used by Ultima 7 and it is coming along nicely.
				</para>
				<para>
					For much more information "<Studio/>" see <extref doc="studio" target="whatis_studio"/>.
				</para>
				<cite name="Jeff">
					As for the future, my main plan is to add editing capabilities,
					with the long-range goal of writing an original RPG.
				</cite>
			</body>
		</sub>
		<sub name="mods_patches">
			<header>Are there patches or Mods for <Exult/></header>
			<body>
				<para>
					With <Studio/> advancing more and more, there are actually now a couple of patches
					and Mods (modifications) for <Exult/>.<br/>
					A nice collection can be found at 
					<extref target="http://www.seventowers.org/">Seven Towers</extref>, Marzo Junior's Mods 
					and his documentation of U7/<Exult/> Usecode. Other patches/mods can be 
					found at:
				</para>
				<ol>
				<li><extref target="http://www.ultima6.realmofultima.com/">Ultima VI Remake</extref><br/>
					a remake that is still very active and promising.</li>
				<li><extref target="http://www.thefeudallands.ca/">Ultima VII: The Feudal Lands</extref><br/>
					a very ambitious and massive mod under development.</li>
				<li><extref target="http://tinyurl.com/m9du2">Ultima 6 conversion</extref><br/>
					an unfinished mod to convert Ultima 7 to Ultima 6.</li>
				</ol>
				<para>
					All the patches and mods require that you install the latest snapshot. They will not
					work with the last official release.
				</para>
				<para>
					The <extref doc="docs" target="mods_intro"/> gives detailed instructions on how to install
					mods and patches in <Exult/>.
				</para>
			</body>
		</sub>
	</section>
  	<section title="Bugs, known issues and not yet implemented features">
		<sub name="known_bugs">
			<header>Bugs</header>
			<body>
				<para>
					To see a list of open bugs and bug reports go to
					<extref target="http://sourceforge.net/p/exult/bugs/"/>.
				</para>
			</body>
		</sub>
		<sub name="bug_report">
			<header>How do I submit a proper bug report?</header>
			<body>
				<ol>
				<li>Read the <extref target="http://exult.sourceforge.net/docs.php">Documentation</extref>
					and this FAQ to see if that is not already covered and you have all set up correctly.</li>
				<li>Before you report a bug to the
					<extref target="http://sourceforge.net/p/exult/bugs/">bug tracker</extref>
					please try the latest
					<extref target="http://exult.sourceforge.net/download.php">snapshot</extref>.
					If the bug still occurs make sure that no one else already reported the bug
					(in the bug tracker).</li>
				<li>Right now you can only submit a bug report in our tracker if you are a SourceForge member.
					We are sorry for this slight inconvenience (signing up on SourceForge is free and easy) but 
					the bug tracker had been plagued by spam attacks and valid bugs were pushed further down.
					The upside of this is that if we have questions or fix this bug you will get automatically 
					notified by eMail.</li>
				<li>Make sense in the topic! For example, if the problem is with Rowenna in Skara Brae
					don't just choose "Skara Brae" in the topic. "BG: Rowenna crashes game" makes more
					sense. Sadly the space for the topics is limited.</li>
				<li>Include information on what version of <Exult/> you are using. You should have used
					the latest snapshot but please tell us the date of the snapshot.</li>
				<li>State which Operating System you use (Windows 7, Linux, OS X 10.9,...).</li>
				<li>Please include a save game (use common sense if it is really needed). You will find
					those in the game directories you put in the exult.cfg. They are called exult**bg.sav
					(** is a number) for BG and exult**si.sav for SI. You can look up the filename in the
					save game dialog as well (to the right, above the party members). As some parts of the game
					may require you to complete other quests or stuff before you get to the bug you want to
					report it's much easier for the team to look at the problem (speeds the process up a bit
					as they are much more likely you take a look at the problem this way).</li>
				<li>You may be asked to provide the log files of <Exult/>. These are named stdout.txt and 
					stderr.txt and can be found where exult.cfg is saved to, see 
					<ref1 target="where_cfg"/>.</li>
				<li>You may be asked to provide the log files of <Studio/>. These are named studio_out.txt and 
				studio_err.txt and can be found where exult.cfg is saved to, see 
				<ref1 target="where_cfg"/>.</li>
				<li><em>One</em> bug per subject please.</li>
				</ol>
				<para>
					Any bug report that requires a save game will most likely be
					<strong>tagged invalid</strong> if we don't receive a save game after we requested it.
				</para>
				<para>
					You can also use our
					<extref target="http://exult.sourceforge.net/forum/">forum</extref>
					to report bugs. But if you do please follow the guidelines mentioned above (you can't
					include a save game of course). Though be aware that bugs submitted to the bug tracker
					are more likely to get attention than bugs submitted to the forum.<br/>
					And if you report to the forum, also follow the "one bug per report" rule, a post with 
					many bug reports in it is likely to have some bugs overlooked in the end.
				</para>
				<para>
					So if you want to have a bug fixed, please follow these steps!
				</para>
			</body>
		</sub>
		<sub name="by_design">
			<header>Broken by Design</header>
			<body>
				<para>
					<Exult/> often behaves and works differently than the original Ultima 7. These
					behaviors are sometimes features that just differ from the way the original
					worked.<br/>
					Some are bugs that the development team consider to have almost no detrimental
					effect to the enjoyment/running of the game, but would require a large amount
					of time and effort to fix.<br/>
					Please don't bother the team about those as some of these will be fixed in the
					future, others will only be fixed when someone who thinks it should be done
					differently sits down and codes it.<br/>
					The following are such 'features' of <Exult/>:
				</para>
				<ul>
					<li>Birds and animals open doors and such, like the human and sentient
						creatures of Britannia do. You should rarely encounter this anymore 
						since there are better intelligence checks, but it can still happen.</li>
					<li>The way the Avatar and the companions walk. Is it 2 frames or 3 frames?
						This has been changed a lot as this was disputed almost every four weeks.
						Finally it works like the original and the Avatar uses two frames and the
						companions use three frames.</li>
					<li>Some music loops endlessly in <Exult/>. This is actually a correction of a bug
						in the original. We respects the midi looping flag as set by U7's original data
						files but the original didn't. Users who prefer the original (broken) are able
						to choose so in the Game menu.</li>
				</ul>
			</body>
		</sub>
		<sub name="known_issues">
			<header>Known Issues</header>
			<body>
				<ul>
					<li>There might be a bug when you have any of the games installed in a
						path with spaces in it (see <extref doc="docs" target="path_config"/>).</li>
					<li>Stealing and killing innocent NPCs doesn't work yet like it does in the original.</li>
					<li>Movement is sometimes jerky or slow.</li>
					<li>If you run a resolution higher than the original (320x200) some NPCs
						that are further away from the Avatar may seem to disappear and reappear when
						you get away or closer to them.</li>
					<li>With scalers enabled you might encounter slow downs of the game.</li>
					<li>Nvidia 40.x reference drivers have issues with all SDL based programs. Use either a
						later or earlier version of the Nvidia reference drivers. If you are still using 
						these drivers you should really update.</li>
				</ul>
			</body>
		</sub>
		<sub name="compile_issues">
			<header>Known Compile Issues</header>
			<body>
				<ul>
					<li>There is a bug/incompatibility with the flex bundled Linux distributions
						(RH7.0, for example) that breaks compilation. Upgrading to a more recent version
						of flex should fix it.</li>
					<li>In some versions of Ubuntu (and probably some other distributions), you have to 
						add some X11 libraries or <Exult/> won't link (for example, by adding "AC_PATH_XTRA" 
						to configure.ac). Since the Ubuntu version "Jaunty Jackalope" that fix isn't needed 
						anymore, though.</li>
					<li>After compiling, remember to copy the exult*.flx files from the data folder in
						the source to the <Exult/> data folder you chose in exult.cfg. This applies only if
						you don't use "make install"</li>
				</ul>
			</body>
		</sub>
		<sub name="w9x_issues">
			<header>Problems with Windows 9x</header>
			<body>
				<para>
					All Windows 9x versions (95, 98, 98SE, Millennium Edition) have had problems with the 1.4x 
					snapshot versions of <Exult/>, all of which are caused by the SDL library. At the moment
					we do not know for sure whether these bugs still occur with the version 1.4.9 RC1.
				</para>
				<ul>
					<li>Some users have reported problems when using <Exult/> in fullscreen mode. Either it
						crashed or was unplayable.</li>
					<li>There are reported problems with digital sound effects or speech when using Vortex 
						series sound cards (like the Diamond MX 300). <Exult/> is triggering a bug in the 
						drivers.</li>
					<li>There is also a problem involving C-Media sound card chipsets and MIDI music.
						We suggest you first upgrade your drivers to the newest ones. Get them at
						<extref target="http://www.cmedia.com.tw/"/>. If that doesn't help, please contact
						us.</li>
				</ul>
				<para>
					To fix these problems open notepad and write the following in there:<br/>
					<kbd>SET SDL_VIDEODRIVER=directx</kbd><br/>
					<kbd>SET SDL_AUDIODRIVER=waveout</kbd><br/>
					<kbd>exult.exe</kbd><br/>
					Save this text file to your <Exult/> folder with the name <kbd>runexult.bat</kbd>. 
					When you want to play <Exult/> double click this file and it should play fine.<br/>
					Be aware that when you have no problem with the audio of <Exult/> you don't need the
					SET SDL_AUDIODRIVER=waveout line and vice versa, if you only have problems with the Audio 
					and not with fullscreen, you don't need the SET SDL_VIDEODRIVER=directx line.
				</para>
			</body>
		</sub>
		<sub name="osx_issues">
			<header>Problems with Mac OS X</header>
			<body>
				<para>
					On OS X something in our audio code might crash <Exult/> unexpectedly.
					For example the famous scene in SI with Frigidazi has been reported 
					as a trigger. To circumvent this disable all audio before a scene 
					that crashes and enable it later on in the game.
				</para>
				<para>
					This should be fixed since the 1.2 version but we are not sure, so 
					if you still experience this with later versions, please notify us!
				</para>
			</body>
		</sub>
		<sub name="linux_audio">
			<header>Why do I hear strange, noisy effects in Linux?</header>
			<body>
				<para>
					This is due to a bug with OSS. We advice installing ALSA. Please read
					this chapter in the <extref doc="docs" target="linux_alsa"/> for a little 
					more extensive explanation.
				</para>
			</body>
		</sub>
	</section>
	<section title="Gameplay FAQ">
		<sub name="why_gameplayfaq">
			<header>Why is there a gameplay FAQ?</header>
			<body>
				<para>
					Although you can find many useful gameplay FAQs on the internet we do get asked
					some questions quite frequently as people think these are bugs with <Exult/>.
				</para>
				<para>
					Most of the times the problem is that people don't play the game regularly but depend
					overly on walkthroughs and don't read what NPCs in the game tell you to do.
				</para>
				<para>
					<strong>Note that this section contains text that may spoil your game.
					Caution is advised.</strong>
				</para>
				<para>
					We added a mark to the question (BG/FoV/SI/SS) to show which Ultima 7 game is
					affected by this. See <extref doc="docs" target="terms"/> to learn which game 
					these marks point to.
				</para>
			</body>
		</sub>
		<sub name="who_speaks">
			<header>Why don't all NPCs have audible speech (BG+SI)?</header>
			<body>
				<para>
					The documentation and installation files of the original may be a bit misleading.
					There are only a few NPCs in the games that have audible speech. In BG only the 
					Guardian can be heard during the game.<br/>
					Apart from the Intro you can only hear the Guardian and the Great Earth Serpent 
					in SI.
				</para>
			</body>
		</sub>
		<sub name="reagents_differ">
			<header>Why do spells require different reagents than the manual lists (BG+SI)?</header>
			<body>
				<para>
					The manuals of both BG and SI listed different requirements for two spells than what 
					was actually required in the original game and <Exult/>.
				</para>
				<ul>
					<li>BG Restoration<br/>
						Original game and <Exult/> use garlic, ginseng, mandrake root, spider silk.<br/>
						Manual lists garlic, ginseng, mandrake root, sulfurous ash.</li>
					<li>SI Imbalance<br/>
						Original game and <Exult/> use bloodspawn, nightshade, serpent scale, sulfurous ash, 
						worm heart,<br/>
						while the Manual lists nightshade, serpent scale, sulfurous ash, worm heart.</li>
				</ul>
				<para>
					Unfortunately <Exult/> version 1.2 was also wrong in more spell requirements and 
					reagent costs. This has been corrected in snapshots.
				</para>
			</body>
		</sub>
		<sub name="sextant_roof">
			<header>Why can't I see my location on the map (BG+SI)?</header>
			<body>
				<para>
					To see your location marked on the map with a yellow cross you need to have sextant 
					in your inventory. And you need to be in the open. Since you can't use a sextant 
					under a roof, in a cave or in a dungeon you will not see your position marked there.
				</para>
			</body>
		</sub>
		<sub name="how_move_ships">
			<header>So why can't I sail a ship in BG?</header>
			<body>
				<para>
					To sail a ship in BG you naturally need to have the deed to this ship in your party.
					Then double-click on the sail of the ship and your party moves aboard it and sits down.
					Once they are all seated, double-click the gangplank to close it. Now double-click on
					the sail once more to have it unfold. You should be able to move the ship then.
				</para>
			</body>
		</sub>
		<sub name="virtue_stones">
			<header>Why can't I cast mark/recall on the Virtue Runes (BG)?</header>
			<body>
				<para>
					You never could do this in the original as well. You have to use the
					<strong>Virtue Stones</strong> that you find in the same building as the runes.
				</para>
			</body>
		</sub>
		<sub name="skarabrae_sacrifice">
			<header>Why can't I get the sacrifice in Skara Brae to work (BG)?</header>
			<body>
				<para>
					"I'm trying to get Forsythe in Skara Brae to sacrifice himself to destroy the well of
					souls. But I can't seem to get Rowenna or Trent to talk to me about sacrifice."<br/>
					The solution to this is that Rowenna and Trent are standing too far apart. When you
					reunited the pair you initiated the conversation with Trent from too far away
					(this happens when you run at a higher resolution than the original one).<br/>
					Now you can either reload a game from before you reunited them or you have to hackmove
					Rowenna closer to Trent. After that the two will talk to you about sacrifice.
				</para>
				<para>
					Stuart Hillman told us of another way around this bug: Stand next to Trent when talking to Rowenna
					and next to her when talking to Trent.
				</para>
			</body>
		</sub>
		<sub name="skarabrae_forsythe">
			<header>Why can't I talk to the mayor of Skara Brae (BG)?</header>
			<body>
				<para>
					You might be talking to "The Other Forsythe"(TM). There's a ghost in the Skara Brae
					town hall that looks like Forsythe, but isn't.<br/>
					This was fixed in more recent versions of <Exult/> but with games started with earlier
					versions this bug is still present. You need to start a new game of <Exult/> to fix
					this. But this bug poses no problem, so if you don't want to start a new game,
					just ignore that clone and search for the real Forsythe.
				</para>
			</body>
		</sub>
		<sub name="tetrahedron">
			<header>Multiple problems with the tetrahedron generator and prism (BG)?</header>
			<body>
				<para>
					Some of our users have problems entering the generator and finding the prism afterwards.
				</para>
				<para>
					To enter the tetrahedron generator you have to wear the ethereal ring (enchanted by Penumbra). 
					It is important to <strong>wear</strong> the ring on a finger and not just hold it like a weapon.
				</para>
				<para>
					After you defeated the enemy you have to double click the prism to destroy the generator.
					You will then find the black prism (without the yellow outline) to your feet. Look 
					closely and take it with you.
				</para>
			</body>
		</sub>
		<sub name="alagnar_dead">
			<header>Why is Alagnar not dead (BG)?</header>
			<body>
				<para>
					At a certain point in the game Alagnar is supposed to be murdered. Unfortunately
					there is a bug in the original game data, that lets him walk around alive in his
					own murder scene. To avoid this bug you have to enter his house through the south door.
				</para>
			</body>
		</sub>
		<sub name="demon_gem">
			<header>Where did my gem of the Demon vanish to (FoV)?</header>
			<body>
				<para>
					For forging the black sword you need to bind the demon to the gem you got from
					that invincible dragon you met in the test of courage. Some people mistake that
					little dark-blue gem with the glowing gem you received from Lord British.<br/>
					If you use the glowing gem on the isle of fire it just vanishes with a shattering
					sound.
				</para>
			</body>
		</sub>
		<sub name="stone_of_castambre">
			<header>Attacking the Stone of Castambre doesn't work (FoV)</header>
			<body>
				<para>
					You need to <em>use</em> (double-click) the pick while it's in your hands
					instead of attacking with it. After that, select the tree with the resulting
					crosshairs.
				</para>
			</body>
		</sub>
		<sub name="pikeman_disappears">
			<header>Where is the pikeman that lets you train in Monitor (SI)?</header>
			<body>
				<para>
					The pikeman that lets you enter the list field in Monitor sometimes disappears due
					to a bug in the game (even the original).<br/>
					This bug occurs when you enter the banquet scene of Monitor. To avoid this bug, we
					recommend, that you approach the banquet hall from the right and/or double-click the
					entrance door to the hall when the party is standing very close to it.
				</para>
			</body>
		</sub>
		<sub name="hawk_gangplank">
			<header>How to break the game by closing Capt. Hawk's gangplank (SI)?</header>
			<body>
				<para>
					When you are at the Sleeping Bull, do <em>NOT</em> close the gangplank to Captain Hawk's ship.
					After you've got him out of Jail and you are ready for him to take you to Moonshade, he will
					not be able to do so when the gangplank is closed. If you have accidentaly done that you will 
					have to resort to cheating (enable hackmover) for fixing that.
				</para>
			</body>
		</sub>
		<sub name="fedabiblio_quest">
			<header>How do I get the Mandrake Roots for Fedabiblio (SI)?</header>
			<body>
				<para>
					Fedabiblio in Moonshade sends you on a quest to find fresh Mandrake Roots. You get
					to Monk Island but can't find the any fresh roots.<br/>
					The problem is that fresh roots only appear depending on the tide. One of the nameless
					monks of the island tells you to ask him when the tide is right. Keep coming back to him
					and when he tells you the tide is right walk to the northern shore of the island to find
					fresh roots.
				</para>
			</body>
		</sub>
		<sub name="pothos_mad_mage">
			<header>Why won't Pothos take the blood moss and talk about the mad mage (SI)?</header>
			<body>
				<para>
					Pothos won't take the moss if he hasn't sent you to fetch it for him. If you want 
					him to tell you about the mad mage and how to get to him you first have to talk with
					Bucia (also in Moonshade) about Pothos. Then you can talk to Pothos about it and he will
					sent you off to fetch him fresh blood moss. Read what he says because it is important to
					get fresh blood moss.
				</para>
			</body>
		</sub>
		<sub name="great_hierophant">
			<header>Why can't I summon the Great Hierophant (SI)?</header>
			<body>
				<para>
					If you follow some walkthrough you might find that your summoning of the
					Great Hierophant doesn't work. This is a problem with the walkthrough. You
					need to have a personal item of the Great Hierophant in your inventory, namely
					the Serpent Staff.
				</para>
				<para>
					If possible don't just play following the walkthrough, but go out and explore
					Serpent Isle. It's hard to imagine someone could miss the cave to the east of
					Monitor.
				</para>		
			</body>
		</sub>
		<sub name="xenka_sacrifice">
			<header>Why won't Xenka speak about sacrifice (SI)?</header>
			<body>
				<para>
					For Xenka to speak about sacrifice some parts of the game need to have been played
					correctly. The sacrifice conversation option will only turn up if:
				</para>
				<ul>
					<li>you have returned the amulet to the Gwani <strong>AND</strong></li>
					<li>you have spoken with the Chaos Hierophant <strong>AND</strong></li>
					<li>you have picked up the Serpent Staff from its proper location
					(see <ref target="serpent_staff"/>) <strong>AND</strong></li>
					<li>you have not yet healed the Chaos Serpent</li>
				</ul>
			</body>
		</sub>
		<sub name="si_npc_gone">
			<header>Where did XY disappear to (SI)?</header>
			<body>
				<para>
					SI is very plot driven, so to stop people from breaking the plot, certain NPCs
					stay in a unaccessible spot on the map until you meet them by following the plot,
					or disappear from the map until they are needed again. If you cheat by 
					teleporting to them before the scripted meeting you are bound to break the plot 
					and most likely forced to reload an earlier savegame or start the whole game again.<br/>
					So please take care when teleporting around the map.
				</para>
			</body>
		</sub>
		<sub name="karnax_gone">
			<header>Why can't I find Karnax, Xenka or the other monks (SI)?</header>
			<body>
				<para>
					See the above question. You have to use the Dark Path to make the monks appear 
					on Monk Island. If you just use the teleport cheat they won't show up.
				</para>
				<para>
					The same applies to Xenka. Even though Xenka returns to Monk Island while you 
					are there, next time you return to the island you will need to go through the 
					Dark Path. Otherwise she will not be found there.
				</para>
			</body>
		</sub>
		<sub name="cure_companions">
			<header>Why can't I cure my friends of their maddness (SI)?</header>
			<body>
				<para>
					After defeating the Banes in the White Dragon Castle, your friends are dead and 
					need to be revived and subsequently cured of their madness. Instead of reviving 
					them through the hourglass, take the bodies to Monk Island monastery. Ask Karnax 
					to revive them and then cure them with the respective waters. If you revive and 
					cure them elsewhere, you will not be able to cure the last of them because you 
					need to be on Monk Island.
				</para>
			</body>
		</sub>
		<sub name="serpent_staff">
			<header>An important note about the Serpent Staff (SI)</header>
			<body>
				<para>
					The Serpent Staff in SI is a very important item. It doesn't seem like it but
					it is crucial to some major plot elements that you have the staff in your
					possession.<br/>
					Unfortunately the game also demands that you get the staff properly. For that I
					recommend to get it without cheating and to stand right next to it.
				</para>
				<para>
					Just picking it up and not transferring it to the inventory at once, but instead 
					putting it on the ground again could break later plot. Willem coded a workaround
					in <Exult/> so the problem might disappear.
				</para>
			</body>
		</sub>
		<sub name="pillars_fort">
			<header>How to break the plot by double clicking some pillars (SI-SS)</header>
			<body>
				<para>
					In the dining hall of the fort in the add-on Silver Seed you can double click the
					pillars. This teleports you to the test in the gargoyle city. If you haven't done
					this test yet this breaks that plot later on and if you already have it is still a
					nuisance. So better don't do it.
				</para>
				<para>
					Obviously a slight oversight of the add-on designers. Could be fixed by changing the
					usecode and the map slightly.
				</para>
			</body>
		</sub>
		<sub name="altar_discipline">
			<header>Left or right on the Altar of Discipline (SI-SS)</header>
			<body>
				<para>
					In the Temple of Discipline you need to place a quartz and obsidian symbol 
					(Y-shape) onto the altar to disable the trap and to call a bridge into being.<br/>
					The book "The Symbol of Discipline" you find in the upper floor sates:
				</para>
				<cite name="The Symbol of Discipline by Sharless">
					The altar before the serpent statue doth have upon it two slots ... 
					bolts of lightning fire from the altar unless the quartz symbol is placed 
					in the slot on the left side. A bridge ... is called into being if the obsidian 
					symbol is placed in the right slot...
				</cite>
				<para>
					This is highly confusing as the player looks at the screen and associates west 
					in the game with left and east with right. Whoever wrote this originally must 
					have imagined the Avatar standing to the north of the altar and facing the temple 
					entrance.<br/>
					So you need to place the quartz symbol onto the east depression of the altar and 
					the obsidian symbol onto the west depression.
				</para>
			</body>
		</sub>
	</section>
	<section title="Questions and Answers">
		<sub name="howto_get_answers">
			<header>
				How can I get answers concerning Ultima 7/<Exult/>?
			</header>
			<body>
				<para>
					The best way to get answers to questions about <Exult/> is to go to our discussion forum at:<br/>
					<extref target="http://exult.sourceforge.net/forum/"/>
				</para>
				<para>
					To get answers concerning Ultima 7 in general go to the Ultima newsgroup:<br/>
					<extref target="http://groups.google.com/group/rec.games.computer.ultima.series"/>
				</para>
				<para>
					Or go to the Ultima Dragons homepage <extref target="http://www.udic.org"/> and find your
					way from there (this is an online Ultima fan club)
				</para>
				<para>
					Some <Exult/> developers like to hang out on IRC on irc.freenode.net,
					channel #exult.<br/>
					The logs of #exult can be found at
					<extref target="http://log.usecode.org/exultlog.php"/>.
				</para>
			</body>
		</sub>
		<sub name="contact">
			<header>How do I contact the author of this FAQ?</header>
			<body>
				<para>
					This FAQ is maintained by Dominus Dragon of the
					<extref target="http://www.udic.org">UDIC</extref>
					AKA Dominik Reichardt.
					Feel free to contact me with improvements or complaints regarding
					the FAQ. I am part of the <Exult/> Team though I only
					write the FAQ and Documentation and don't code at all.
					Best way to contact me is through our forum at 
					<extref target="http://exult.sourceforge.net/forum/"/>.
				</para>
			</body>
		</sub>
	</section>
	<section title="Links and Thanks">
		<sub name="main_links">
			<header>Important Links</header>
			<body>
				<ul>
					<li><Exult/> homepage at <extref target="http://exult.sourceforge.net/"/></li>
					<li>Daily code snapshot at <extref target="http://exult.sourceforge.net/download.php"/></li>
					<li>Message board at <extref target="http://exult.sourceforge.net/forum/"/></li>
					<li>Bug reports to <extref target="http://sourceforge.net/p/exult/bugs"/></li>
				</ul>
			</body>
		</sub>
		<sub name="thanks">
			<header>Thanks</header>
			<body>
				<para>
					Of course big thanks go to the <Exult/> Team for breathing life back into
					this jewel of a game.
				</para>
				<para>
					Max Horn deserves my gratitude for making the FAQ easier to maintain via XML/XSL.
				</para>
				<para>
					Thanks to all those I stole comments from without quoting them, those
					that sent me improvements and don't get quoted and so on. If you helped
					me in some way feel my gratitude without being mentioned.
				</para>
				<para>
					Thanks go to <strong>Matt0</strong> who really got me thinking about doing
					this FAQ (though he just did it to tease me).
				</para>
			</body>
		</sub>
	</section>
	<section title="Changes to the FAQ">
		<sub name="19032015">
			<header>- 19 March 2015</header>
			<body>
				<ul>
				<li><ref1 target="origin_exult"/> Origin is long gone.</li>
				<li><ref1 target="what_platforms"/> added the iOS port and moved the PocketPC mention in there.</li>
				<li><ref1 target="where_cfg"/> there are newer Windows versions.</li>
				<li><ref1 target="karnax_gone"/> Xenka likes to disappear as well.</li>
				<li><ref1 target="cure_companions"/> you need to cure the friends on Monk Island.</li>
				</ul>
			</body>
		</sub>
		<sub name="17072014">
			<header>- 17 July 2014</header>
			<body>
				<ul>
				<li>Fixed links to our bug tracker.</li>
				</ul>
			</body>
		</sub>
		<sub name="21042014">
			<header>- 21 April 2014</header>
			<body>
				<ul>
				<li><ref1 target="altar_discipline"/> the altar is now bug free.</li>
				</ul>
			</body>
		</sub>
		<sub name="21112013">
			<header>- 21 November 2013</header>
			<body>
				<ul>
				<li><ref1 target="whereis_exult"/> added the Ubuntu PPA and deleted the PocketPC one.</li>
				<li><ref1 target="latest_version"/> use snapshots rather than release.</li>
				<li><ref1 target="bug_report"/> some little changes since the tracker changed.</li>
				<li><ref1 target="altar_discipline"/> left or right is not very precise.</li>
				</ul>
			</body>
		</sub>
		<sub name="28102012">
			<header>- 28 October 2012</header>
			<body>
				<ul>
				<li><ref1 target="u7_download"/> at GOG.com.</li>
				<li><ref1 target="mods_patches"/> link to the Ultima 6 remake added.</li>
				</ul>
			</body>
		</sub>
		<sub name="01122011">
			<header>- 01 December 2011</header>
			<body>
				<ul>
				<li><ref1 target="whereis_exult"/> Link to our SVN added.</li>
				</ul>
			</body>
		</sub>
		<sub name="19012011">
			<header>- 19 February 2011</header>
			<body>
				<ul>
				<li><ref1 target="what_platforms"/> added native Android port and restructured it.</li>
				</ul>
			</body>
		</sub>
		<sub name="19012011">
			<header>- 19 January 2011</header>
			<body>
				<ul>
				<li><section_ref target="Changes to the FAQ"/> moved to the bottom.</li>
				<li><ref1 target="what_platforms"/> news about ports for Android, Dingoo, XBox 360 and PSP.</li>
				<li><ref1 target="savegames_gone"/> added hint about copying the saves to the new location.</li>
				</ul>
			</body>
		</sub>
		<sub name="18122010">
			<header>- 18 December 2010</header>
			<body>
				<ul>
				<li><ref1 target="exult_version"/> back to snapshot.</li>
				<li><ref1 target="savegames_gone"/> since 1.4.9rc1 savegames location changed.</li>
				<li><ref1 target="no_intro_speech"/> if introsnd.dat becomes corrupt.</li>
				<li><ref1 target="bug_report"/> we require SF log in for bug reports due to spam on the tracker.</li>
				<li><ref1 target="sextant_roof"/> sometimes people don't know how to see their position.</li>
				</ul>
			</body>
		</sub>
		<sub name="13102010">
			<header>- 13 October 2010</header>
			<body>
				<ul>
				<li><ref1 target="exult_version"/> new official version.</li>
				<li><ref1 target="whatis_snapshot"/> this FAQis not mainly about the snapshot atm.</li>
				<li><ref1 target="latest_version"/> 1.4.9 RC1 is the latest version and we recommend this one.</li>
				<li><ref1 target="saves_compatibility"/> don't use 1.4.9 RC1 savegames with 1.2.</li>
				<li><ref1 target="improvements"/> added notebook.</li>
				<li><ref1 target="known_issues"/> got rid of 1.2 issues.</li>
				</ul>
			</body>
		</sub>
		<sub name="23082010">
			<header>- 23 August 2010</header>
			<body>
				<ul>
				<li><ref1 target="latest_version"/> better use the snapshots than the ooooold version.</li>
				<li><ref1 target="u7_versions"/> cleaned up a bit.</li>
				<li><ref1 target="party_formation"/> Recently was a couple of years ago.</li>
				<li><ref1 target="known_issues"/> I pity whoever still uses the Nvidia 40.x reference drivers.</li>
				<li>Fullscreen switching bug should be fixed and thus I'm removing this item.</li>
				<li><ref1 target="howto_get_answers"/> pointing the Google groups instead of the old newsgroup link.</li>
				</ul>
			</body>
		</sub>
		<sub name="15082010">
			<header>- 15 August 2010</header>
			<body>
				<ul>
				<li><ref1 target="whereis_exult"/> also OS X snapshots available.</li>
				<li><ref1 target="what_platforms"/> The Amiga port homepage is only available in the Wayback Machine these days.</li>
				<li><ref1 target="bug_report"/> name and location of log files.</li>
				<li><ref1 target="fullscreen_bugs"/> workaround added.</li>
				<li><ref1 target="osx_issues"/> should be fixed but if not we need to know.</li>
				</ul>
			</body>
		</sub>
		<sub name="12032010">
			<header>- 12 March 2010</header>
			<body>
				<ul>
				<li><ref1 target="fullscreen_bugs"/> No more 8bit scaler issues.</li>
				</ul>
			</body>
		</sub>
		<sub name="10032010">
			<header>- 10 March 2010</header>
			<body>
				<ul>
				<li><ref1 target="where_cfg"/> On Windows this changed.</li>
				<li><ref1 target="fullscreen_bugs"/> added.</li>
				<li><ref1 target="hawk_gangplank"/> added.</li>
				</ul>
			</body>
		</sub>
		<sub name="16072009">
			<header>- 16 July 2009</header>
			<body>
				<ul>
				<li><ref1 target="known_issues"/> re-added some things that are fixed in snapshots.</li>
				</ul>
			</body>
		</sub>
		<sub name="03062009">
			<header>- 03 June 2009</header>
			<body>
				<ul>
				<li>Spell checked the whole FAQ</li>
				<li><ref1 target="any_port"/> added.</li>
				</ul>
			</body>
		</sub>	
		<sub name="20052009">
			<header>- 20 May 2009</header>
			<body>
				<ul>
				<li><ref1 target="exult_version"/> leveled up.</li>
				<li><ref1 target="play_through_u7"/> yes you can.</li>
				<li><ref1 target="si_support"/> has been working for ages.</li>
				<li><ref1 target="saves_compatibility"/> do not use 1.4x saves with 1.2.</li>
				<li><ref1 target="walkthroughs"/> Excalibur's World of Ultima has disappeared.</li>
				<li><ref1 target="party_formation"/> the original's formation has become the default.</li>
				<li><ref1 target="red_x"/> added.</li>
				<li><ref1 target="exult_engine"/> changed a bit.</li>
				<li><ref1 target="mods_patches"/> link to the ReadMe installation instructions.</li>
				<li><ref1 target="known_bugs"/> link to the bug tracker changed.</li>
				<li><ref1 target="bug_report"/> many changes to the SF bug tracker.</li>
				<li><ref1 target="by_design"/> cleaned up.</li>
				<li><ref1 target="known_issues"/> also cleaned up.</li>
				<li><ref1 target="compile_issues"/> added Ubuntu issue.</li>
				<li>removed "Not yet implemented" as the only issue is stealing and killing and 
					that is mentioned in <ref1 target="known_issues"/>.</li>
				<li><ref1 target="w9x_issues"/> added and moved the sound issue to that.</li>
				<li><ref1 target="osx_issues"/> added because of the audio crashes.</li>
				<li><ref1 target="howto_get_answers"/> the #exult logs have moved ages ago.</li>
				</ul>
			</body>
		</sub>	
		<sub name="30042009">
			<header>- 30 April 2009</header>
			<body>
				<ul>
				<li><ref1 target="mods_patches"/> eguides disappeared, but Marzo's Seven Towers takes its place
				(as well as TFL url fix).</li>
				<li><ref1 target="known_issues"/> added that we were wrong with spell requirements and costs.</li>
				<li><ref1 target="reagents_differ"/> added.</li>
				<li>removed the keyboard movement question.</li>
				</ul>
			</body>
		</sub>		
		<sub name="21102007">
			<header>- 21 October 2007</header>
			<body>
				<ul>
				<li><ref1 target="whereis_exult"/> neither the BeOS nor the Amiga port are available 
					anymore, but we do have the PocketPC snapshots.</li>
				<li><ref1 target="compile_snapshot"/> compile instructions for Linux are in INSTALL.</li>
				<li><ref1 target="what_platforms"/> Amiga port is not downloadable.</li>	
				<li><ref1 target="pocketpc_port"/> Lanica ported to PocketPC.</li>	
				<li><ref1 target="known_issues"/> bug with summoning Chaos Hierophant in 1.2.</li>
				<li><ref1 target="who_speaks"/> added since there was confusion about this before.</li>
				<li><ref1 target="contact"/> removed a defunct eMail address.</li>
				</ul>
			</body>
		</sub>
		<sub name="08042006">
			<header>- 08 April 2006</header>
			<body>
				<ul>
				<li><ref1 target="mods_patches"/> a list of where to find those.</li>
				<li><ref1 target="why_gameplayfaq"/> explained the mark in the questions.</li>
				<li><ref1 target="alagnar_dead"/> a bug that also exists in the original.</li>
				</ul>
			</body>
		</sub>		
		<sub name="04102004">
			<header>- 04 October 2004</header>
			<body>
				<ul>
				<li><ref1 target="why_gameplayfaq"/> walkthroughs, the source of evil.</li>
				<li><ref1 target="tetrahedron"/> two issues come up from time to time.</li>
				<li><ref1 target="pothos_mad_mage"/> needed to be added.</li>
				</ul>
			</body>
		</sub>
		<sub name="14082004">
			<header>- 14 August 2004</header>
			<body>
				<ul>
				<li><ref1 target="is_exult_free"/> contact us via the forum.</li>
				<li><ref1 target="pentagram"/> the homepage is actually informative now.</li>
				<li><ref1 target="pocketpc_port"/> time to have this answered.</li>
				<li><ref1 target="stone_of_castambre"/> Willem added this useful information.</li>
				<li><ref1 target="si_npc_gone"/> teleporting is dangerous.</li>
				<li><ref1 target="karnax_gone"/> example for above.</li>
				</ul>
			</body>
		</sub>
		<sub name="23052004">
			<header>- 23 May 2004</header>
			<body>
				<ul>
				<li><ref1 target="latest_version"/> 1.2 now.</li>
				<li><ref1 target="exult_donation"/> No we don't but SF would be happy.</li>
				<li><ref1 target="latest_version"/> 1.2 now.</li>
				<li><ref1 target="where_cfg"/> if you really can't find it.</li>				
				</ul>
			</body>
		</sub>
		<sub name="27012004">
			<header>- 27 January 2004</header>
			<body>
				<ul>
				<li><ref1 target="latest_version"/> 1.1.9rc1 now.</li>
				<li><ref1 target="known_issues"/> Items descriptions in SI-only work now.</li>
				<li><ref1 target="xenka_sacrifice"/> added.</li>
				<li><ref1 target="serpent_staff"/> Willem fixed this.</li>				
				</ul>
			</body>
		</sub>
		<sub name="12122003">
			<header>- 12 December 2003</header>
			<body>
				<ul>
				<li><ref1 target="skarabrae_sacrifice"/> Stuart told me another workaround.</li>
				<li><ref1 target="howto_get_answers"/> still used the old invalid address for irc and #exultlog 
					(thanks Lars).</li>
				</ul>
			</body>
		</sub>
	</section>
</faqs>
